abstract,objectives,methodology,results,participatingInstitutions,authors,chemicals,citation,doi,history,issn,journal,title,volume,volume_issue,year,publication_types_extracted,url
"In recent years, awareness regarding micro-nanoplastics' (MNPs) potential effects on human health has progressively increased. Despite a large body of evidence regarding the origin and distribution of MNPs in the environment, their impact on human health remains to be determined. In this context, there is a major need to address their potential carcinogenic risks, since MNPs could hypothetically mediate direct and indirect carcinogenic effects, the latter mediated by particle-linked chemical carcinogens. Currently, evidence in this field is scarce and heterogeneous, but the reported increased incidence of malignant tumors among younger populations, together with the ubiquitous environmental abundance of MNPs, are rising a global concern regarding the possible role of MNPs in the development and progression of cancer. In this review, we provide an overview of the currently available evidence in eco-toxicology, as well as methods for the identification and characterization of environmental MNP particulates and their health-associated risks, with a focus on cancer. In addition, we suggest possible routes for future research in order to unravel the carcinogenetic potential of MNP exposure and to understand prognostic and preventive implications of intratumoral MNPs.","The review aims to explore the potential carcinogenic risks associated with micro-nanoplastics, focusing on their possible direct and indirect effects on human health, particularly regarding cancer development and progression."," The review summarizes the existing evidence in eco-toxicology and examines methods for identifying and characterizing environmental micro-nanoplastic particles. It discusses their health risks, particularly in relation to cancer, and highlights areas where future research is needed to better understand the carcinogenic potential of micro-nanoplastic exposure.","Although evidence on the carcinogenic effects of micro-nanoplastics is still limited and heterogeneous, the increasing incidence of malignant tumors in younger populations and the widespread presence of micro-nanoplastics in the environment raise concerns about their role in cancer development. The review emphasizes the need for further research to fully assess the carcinogenetic risks of micro-nanoplastics and their potential impacts on cancer prognosis and prevention.







","[
    ""Global Observatory on Planetary Health, Boston College, Chestnut Hill, MA, US"",
    ""Centre Scientifique de Monaco, Medical Biology Department, MC"",
    ""Economics Department, University of Maryland, College Park, US"",
    ""Minderoo Foundation, AU"",
    ""Monterey Bay Aquarium, US"",
    ""Biology Department, Boston College, US"",
    ""University of Hawai'i Sea Grant College Program, US"",
    ""Beyond Plastics, Bennington College, US"",
    ""Université Côte d'Azur"",
    ""Centre Hospitalier, Universitaire de Nice, FR"",
    ""European Centre for Environment and Human Health, University of Exeter Medical School, UK"",
    ""Centre Scientifique de Monaco, Marine Biology Department, MC"",
    ""Norwich Medical School, University of East Anglia, UK"",
    ""Biology Department, Woods Hole Oceanographic Institution, US"",
    ""Woods Hole Center for Oceans and Human Health, US"",
    ""Department of Environmental Health, Universitas Indonesia, ID"",
    ""Research Center for Climate Change, Universitas Indonesia, ID"",
    ""College of Medicine and Health, University of Exeter, UK"",
    ""Department of Marine Chemistry and Geochemistry, Woods Hole Oceanographic Institution"",
    ""Department of Biology, Woods Hole Oceanographic Institution, US"",
    ""United Nations Environment Programme, KE"",
    ""Department of Toxicology, School of Medicine, University of the Republic, UY"",
    ""Sea Education Association, US"",
    ""Consortium of Universities for Global Health, US"",
    ""Nigerian Institute of Medical Research, Lagos, Nigeria"",
    ""Lead City University, NG"",
    ""Department of Chemistry, Boston College, US"",
    ""University of Vienna, Austria"",
    ""University of Plymouth, UK"",
    ""University of Massachusetts Amherst, US"",
    ""Laboratoire d'Océanographie de Villefranche sur mer (LOV), Sorbonne Université, FR"",
    ""Chulabhorn Research Institute (CRI), TH"",
    ""School of Biological Sciences, The University of Western Australia, AU"",
    ""Biology Department and Woods Hole Center for Oceans and Human Health, Woods Hole Oceanographic Institution, US"",
    ""Superfund Research Program, National Institutes of Health, National Institute of Environmental Health Sciences, US"",
    ""Laboratory of Organic Geochemistry (LOG), Tokyo University of Agriculture and Technology, JP"",
    ""International Marine Litter Research Unit, University of Plymouth, UK"",
    ""Theology Department, Boston College, US"",
    ""Technology and Society Laboratory, WEmpa-Swiss Federal Laboratories for Materials and Technology, CH"",
    ""Boston College Law School, US""
]","['Ruggieri L', 'Amato O', 'Marrazzo C', 'Nebuloni M', 'Dalu D', 'Cona MS', 'Gambaro A', 'Rulli E', 'La Verde N']","{'D000080545': {'substance_name': 'Microplastics', 'registry_number': '0'}, 'D002273': {'substance_name': 'Carcinogens', 'registry_number': '0'}}","Ruggieri L, et al. Rising Concern About the Carcinogenetic Role of Micro-Nanoplastics. Rising Concern About the Carcinogenetic Role of Micro-Nanoplastics. 2024; 26:(unknown pages). doi: 10.3390/ijms26010215",10.3390/ijms26010215,"{'received': datetime.datetime(2024, 11, 23, 0, 0), 'revised': datetime.datetime(2024, 12, 21, 0, 0), 'accepted': datetime.datetime(2024, 12, 28, 0, 0), 'medline': datetime.datetime(2025, 1, 11, 0, 0), 'pubmed': datetime.datetime(2025, 1, 11, 0, 0), 'entrez': datetime.datetime(2025, 1, 11, 0, 0), 'pmc-release': datetime.datetime(2024, 12, 30, 0, 0)}",1422-0067,Int J Mol Sci,Rising Concern About the Carcinogenetic Role of Micro-Nanoplastics.,26.0,26(1),2024,Journal Article',https://ncbi.nlm.nih.gov/pubmed/39796071
"The extensive use of plastics in modern dentistry, including oral care products and dental materials, has raised significant concerns due to the increasing evidence of potential harm to human health and the environment caused by the unintentional release of microplastics (MPs) and nanoplastics (NPs). Particles from sources like toothpaste, toothbrushes, orthodontic implants, and denture materials are generated through mechanical friction, pH changes, and thermal fluctuations. These processes cause surface stress, weaken material integrity, and induce wear, posing health risks such as exposure to harmful monomers and additives, while contributing to environmental contamination. MPs/NPs released during dental procedures can be ingested, leading to immune suppression, tissue fibrosis, and systemic toxicities. The gut epithelium absorbs some particles, while others are excreted, entering ecosystems, accumulating through the food chain, and causing ecological damage. Although analytical techniques have advanced in detecting MPs/NPs in oral care products, more robust methods are needed to understand their release mechanisms. This review explores the prevalence of MPs/NPs in dentistry, the mechanisms by which MPs/NPs are released into the oral environment, and their implications for human and ecological health. It underscores the urgency of public awareness and sustainable dental practices to mitigate these risks and promote environmental well-being.","The review aims to explore the concerns surrounding the release of microplastics and nanoplastics in modern dentistry, focusing on the potential risks to human health and the environment.

","The review examines the sources of microplastics and nanoplastics in dental materials and oral care products, discussing the mechanisms through which these particles are released into the oral environment. It also evaluates the health risks associated with the ingestion of these particles, including immune suppression, tissue fibrosis, and systemic toxicities, while also addressing their environmental impact through accumulation in ecosystems and the food chain.

","The review highlights the significant health risks posed by microplastics and nanoplastics, including their ingestion during dental procedures, and underscores the urgent need for more robust analytical methods to detect and understand their release mechanisms. It calls for greater public awareness and the adoption of sustainable dental practices to reduce the environmental impact of these particles and protect both human and ecological health.
","[
    ""KIIT School of Biotechnology, KIIT University, Bhubaneswar, Odisha 751024, India"",
    ""Kalinga Institute of Dental Sciences, KIIT University, Bhubaneswar, Odisha 751024, India"",
    ""Department of Toxicology, Poznan University of Medical Sciences, Poznan, Poland"",
    ""KIIT School of Biotechnology, KIIT University, Bhubaneswar, Odisha 751024, India; Electronic address: msuar@kiitbiotech.ac.in"",
    ""Plasma Bioscience Research Center, Department of Electrical and Biological Physics, Kwangwoon University, Seoul 01897, South Korea; Electronic address: kaushik.nagendra@kw.ac.kr"",
    ""KIIT School of Biotechnology, KIIT University, Bhubaneswar, Odisha 751024, India; Department of Physics and Astronomy, Uppsala University, Box 516, Uppsala SE-751 20, Sweden; Electronic address: aishee.ghosh@physics.uu.se"",
    ""KIIT School of Biotechnology, KIIT University, Bhubaneswar, Odisha 751024, India; Department of Toxicology, Poznan University of Medical Sciences, Poznan, Poland; Electronic address: sureshverma22@gmail.com""
]
","['Saha U', 'Jena S', 'Simnani FZ', 'Singh D', 'Choudhury A', 'Naser SS', 'Lenka SS', 'Kirti A', 'Nandi A', 'Sinha A', 'Patro S', 'Kujawska M', 'Suar M', 'Kaushik NK', 'Ghosh A', 'Verma SK']","{'D000080545': {'substance_name': 'Microplastics', 'registry_number': '0'}, 'D003764': {'substance_name': 'Dental Materials', 'registry_number': '0'}}","Saha U, et al. The unseen perils of oral-care products generated micro/nanoplastics on human health. The unseen perils of oral-care products generated micro/nanoplastics on human health. 2025; 290:117526. doi: 10.1016/j.ecoenv.2024.117526",10.1016/j.ecoenv.2024.117526,"{'received': datetime.datetime(2024, 8, 27, 0, 0), 'revised': datetime.datetime(2024, 11, 23, 0, 0), 'accepted': datetime.datetime(2024, 12, 8, 0, 0), 'medline': datetime.datetime(2025, 2, 15, 0, 0), 'pubmed': datetime.datetime(2024, 12, 15, 0, 0), 'entrez': datetime.datetime(2024, 12, 14, 0, 0)}",1090-2414,Ecotoxicol Environ Saf,The unseen perils of oral-care products generated micro/nanoplastics on human health.,290.0,290,2025,Journal Article',https://ncbi.nlm.nih.gov/pubmed/39674028
"BACKGROUND: Human exposure to micro- and nanoplastic particles (MNPs) is inevitable but human health risk assessment remains challenging for several reasons. MNPs are complex mixtures of particles derived from different polymer types, which may contain plenty of additives and/or contaminants. MNPs cover broad size distributions and often have irregular shapes and morphologies. Moreover, several of their properties change over time due to aging/ weathering. Case-by-case assessment of each MNP type does not seem feasible, more straightforward methodologies are needed. However, conceptual approaches for human health risk assessment are rare, reliable methods for exposure and hazard assessment are largely missing, and meaningful data is scarce.
METHODS: Here we reviewed the state-of-the-art concerning risk assessment of chemicals with a specific focus on polymers as well as on (nano-)particles and fibres. For this purpose, we broadly screened relevant knowledge including guidance documents, standards, scientific publications, publicly available reports. We identified several suitable concepts such as: (i) polymers of low concern (PLC), (ii) poorly soluble low toxicity particles (PSLT) and (iii) fibre pathogenicity paradigm (FPP). We also aimed to identify promising methods, which may serve as a reasonable starting point for a test strategy.
RESULTS AND CONCLUSION: Here, we propose a state-of-the-art modular risk assessment framework for MNPs, focusing primarily on inhalation as a key exposure route for humans that combines several integrated approaches to testing and assessment (IATAs). The framework starts with basic physicochemical characterisation (step 1), followed by assessing the potential for inhalative exposure (step 2) and includes several modules for toxicological assessment (step 3). We provide guidance on how to apply the framework and suggest suitable methods for characterization of physicochemical properties, exposure and hazard assessment. We put special emphasis on new approach methodologies (NAMs) and included grouping, where adequate. The framework has been improved in several iterative cycles by taking into account expert feedback and is currently being tested in several case studies. Overall, it can be regarded as an important step forward to tackle human health risk assessment.","The review aims to propose a comprehensive framework for the human health risk assessment of micro- and nanoplastic particles, focusing on inhalation exposure and integrating various testing approaches.


","The review involves screening relevant knowledge and guidance documents on risk assessment methods for chemicals, particularly polymers and particles. The authors identified key concepts like polymers of low concern, poorly soluble low toxicity particles, and fiber pathogenicity paradigm. They also highlight promising methods for exposure and hazard assessment, emphasizing new approach methodologies and grouping techniques.","The proposed modular risk assessment framework focuses on inhalation exposure and includes steps such as basic physicochemical characterization, inhalative exposure assessment, and toxicological testing. The framework has been tested iteratively, with expert feedback incorporated, and is currently undergoing validation through case studies. This framework is considered a significant step forward in addressing human health risks associated with micro- and nanoplastics.








","[
    ""Department of Chemical and Product Safety, German Federal Institute for Risk Assessment (BfR), Berlin, Germany"",
    ""Institute for Risk Assessment Sciences, Utrecht University, Utrecht, The Netherlands"",
    ""Federal Institute for Materials Research and Testing (BAM), Berlin, Germany"",
    ""Department of Environmental Health, Norwegian Institute of Public Health (NPIH), Oslo, Norway"",
    ""Amsterdam UMC, Amsterdam, The Netherlands"",
    ""Federal Institute for Occupational Safety and Health (BAuA), Berlin, Germany"",
    ""Department of Chemical and Product Safety, German Federal Institute for Risk Assessment (BfR), Berlin, Germany; Electronic address: andrea.haase@bfr.bund.de"",
    ""Institute of Pharmacy, Freie Universität Berlin, Berlin, Germany; Electronic address: andrea.haase@bfr.bund.de""
]","['Vogel A', 'Tentschert J', 'Pieters R', 'Bennet F', 'Dirven H', 'van den Berg A', 'Lenssen E', 'Rietdijk M', 'Broßell D', 'Haase A']","{'D000080545': {'substance_name': 'Microplastics', 'registry_number': '0'}}","Vogel A, et al. Towards a risk assessment framework for micro- and nanoplastic particles for human health. Towards a risk assessment framework for micro- and nanoplastic particles for human health. 2024; 21:48. doi: 10.1186/s12989-024-00602-9",10.1186/s12989-024-00602-9,"{'received': datetime.datetime(2024, 6, 13, 0, 0), 'accepted': datetime.datetime(2024, 9, 24, 0, 0), 'medline': datetime.datetime(2024, 11, 30, 0, 0), 'pubmed': datetime.datetime(2024, 11, 30, 0, 0), 'entrez': datetime.datetime(2024, 11, 29, 0, 0), 'pmc-release': datetime.datetime(2024, 11, 29, 0, 0)}",1743-8977,Part Fibre Toxicol,Towards a risk assessment framework for micro- and nanoplastic particles for human health.,21.0,21(1),2024,Journal Article',https://ncbi.nlm.nih.gov/pubmed/39614364
"The presence of microplastics within the human body has raised significant concerns about their potential health implications. Numerous studies have supported the hypothesis that the accumulation of microplastics can trigger inflammatory responses, disrupt the microbiome, and provoke immune reactions due to their physicochemical properties. Chronic inflammation, characterized by tissue damage, angiogenesis, and fibrosis, plays a crucial role in cancer development. It influences cancer progression by altering the tumor microenvironment and impairing immune surveillance, thus promoting tumorigenesis and metastasis. This review explores the fundamental properties and bioaccumulation of microplastics, as well as their potential role in the transition from chronic inflammation to carcinogenesis. Additionally, it provides a comprehensive overview of the associated alterations in signaling pathways, microbiota disturbances, and immune responses. Despite this, the current understanding of the toxicity and biological impacts of microplastics remains limited. To mitigate their harmful effects on human health, there is an urgent need to improve the detection and removal methods for microplastics, necessitating further research and elucidation.","The objective of the review is to explore the potential health implications of microplastics in the human body, with a particular focus on their role in chronic inflammation and carcinogenesis. It aims to provide a comprehensive overview of the bioaccumulation of microplastics, their impact on the immune system, microbiome disturbances, and alterations in signaling pathways that may contribute to cancer development and progression.","This is a review article, so it involves a synthesis of existing studies and scientific literature. The authors likely conducted a broad review of the current research on the toxicity and biological effects of microplastics in human health. They explored how microplastics accumulate in the human body, their physicochemical properties, and how these properties contribute to chronic inflammation, immune responses, and disruptions in the microbiome. They also examined signaling pathways and biological alterations linked to carcinogenesis due to microplastic exposure.","The review finds that microplastics, due to their physicochemical properties, can trigger inflammatory responses and disrupt the microbiome, which in turn can provoke immune reactions. Chronic inflammation caused by microplastic exposure plays a significant role in cancer development by altering the tumor microenvironment, impairing immune surveillance, and promoting tumorigenesis and metastasis. The review highlights that while the connection between microplastics and health is concerning, the current understanding of their biological effects and toxicity is still limited. The study calls for improved detection and removal methods for microplastics and stresses the need for further research to elucidate their full impact on human health.","[
    ""Cancer Center, the First Hospital of Jilin University, 1 Xinmin Road, 130021, Changchun, P. R. China"",
    ""State Key Laboratory of Supramolecular Structure and Materials, College of Chemistry, Jilin University, 130012, Changchun, P. R. China; Electronic address: yangchem@jlu.edu.cn"",
    ""Cancer Center, the First Hospital of Jilin University, 1 Xinmin Road, 130021, Changchun, P. R. China; Electronic address: lingbai@jlu.edu.cn"",
    ""Cancer Center, the First Hospital of Jilin University, 1 Xinmin Road, 130021, Changchun, P. R. China; Electronic address: cuijw@jlu.edu.cn""
]","['Cheng Y', 'Yang Y', 'Bai L', 'Cui J']","{'D000080545': {'substance_name': 'Microplastics', 'registry_number': '0'}}","Cheng Y, et al. Microplastics: an often-overlooked issue in the transition from chronic inflammation to cancer. Microplastics: an often-overlooked issue in the transition from chronic inflammation to cancer. 2024; 22:959. doi: 10.1186/s12967-024-05731-5",10.1186/s12967-024-05731-5,"{'received': datetime.datetime(2024, 4, 1, 0, 0), 'accepted': datetime.datetime(2024, 10, 7, 0, 0), 'medline': datetime.datetime(2024, 10, 23, 0, 0), 'pubmed': datetime.datetime(2024, 10, 23, 0, 0), 'entrez': datetime.datetime(2024, 10, 23, 0, 0), 'pmc-release': datetime.datetime(2024, 10, 22, 0, 0)}",1479-5876,J Transl Med,Microplastics: an often-overlooked issue in the transition from chronic inflammation to cancer.,22.0,22(1),2024,Journal Article',https://ncbi.nlm.nih.gov/pubmed/39438955
"BACKGROUND: Microplastics (MPs), plastic particles < 5 mm in size, are prevalent in the environment, and human exposure to them is inevitable. To assess the potential risk of MPs on human health, it is essential to consider the physicochemical properties of environmental MPs, including polymer types, size, shape, and surface chemical modifications. Notably, environmental MPs undergo degradation due to external factors such as ultraviolet (UV) rays and waves, leading to changes in their surface characteristics. However, limited knowledge exists regarding the health effects of MPs, with a specific focus on their surface degradation. This study concentrates on cytotoxic MPs with surface degradation through UV irradiation, aiming to identify the mechanisms underlying their cell toxicity.
RESULTS: Polyethylene (PE) and surface-degraded PE achieved through UV light irradiation were employed as model MPs in this study. We explored the impact of PE and degraded PE on cell death in murine macrophage cell line RAW264.7 cells and human monocyte cell line THP-1 cells. Flow cytometric analysis revealed that degraded PE induced programmed cell death without activating caspase 3, while non-degraded PE did not trigger programmed cell death. These findings suggest that degraded PE might induce programmed cell death through mechanisms other than caspase-driven apoptosis. To understand the mechanisms of cell death, we investigated how cells responded to degraded PE-induced cellular stress. Immunofluorescence and western blotting analyses demonstrated that degraded PE induced autophagosome formation and increased p62 expression, indicating inhibited autophagy flux after exposure to degraded PE. Furthermore, degraded PE exposure led to a decrease in acidic lysosomes, indicating lysosomal dysregulation. These results imply that degraded PE induces lysosomal dysfunction, subsequently causing autophagy dysregulation and cell death.
CONCLUSIONS: This study unveils that UV-induced degradation of PE results in cell death attributed to lysosomal dysfunction. The findings presented herein provide novel insights into the effects of surface-degraded MPs on biological responses.",To investigate the cytotoxic effects of UV-degraded polyethylene microplastics on human and murine cell lines.,"Polyethylene microplastics were exposed to RAW264.7 and THP-1 cells, and various assays were conducted to analyze cell death and autophagy mechanisms.",UV-degraded polyethylene induced programmed cell death through lysosomal dysfunction and autophagy dysregulation.,"[
    ""School of Pharmaceutical Sciences, Osaka University, 1-6 Yamadaoka, Suita, Osaka, 565-0871, Japan"",
    ""Graduate School of Pharmaceutical Sciences, Osaka University, 1-6 Yamadaoka, Suita, Osaka, 565-0871, Japan; Electronic address: haga-y@phs.osaka-u.ac.jp"",
    ""Graduate School of Pharmaceutical Sciences, Osaka University, 1-6 Yamadaoka, Suita, Osaka, 565-0871, Japan"",
    ""Museum Links, Osaka University, 1-13 Machikaneyama, Toyonaka, Osaka, 560-0043, Japan"",
    ""Institute for Open and Transdisciplinary Research Initiatives, Osaka University, 1-1 Yamadaoka, Suita, Osaka, 565-0871, Japan"",
    ""Institute for Advanced Co-Creation Studies, Osaka University, 1-6 Yamadaoka, Suita, Osaka, 565-0871, Japan"",
    ""Graduate School of Pharmaceutical Sciences, Osaka University, 1-6 Yamadaoka, Suita, Osaka, 565-0871, Japan; Electronic address: ytsutsumi@phs.osaka-u.ac.jp"",
    ""Institute for Open and Transdisciplinary Research Initiatives, Osaka University, 1-1 Yamadaoka, Suita, Osaka, 565-0871, Japan; Electronic address: ytsutsumi@phs.osaka-u.ac.jp"",
    ""Global Center for Medical Engineering and Informatics, Osaka University, 2-2 Yamadaoka, Suita, Osaka, 565-0871, Japan; Electronic address: ytsutsumi@phs.osaka-u.ac.jp""
]","['Manabe S', 'Haga Y', 'Tsujino H', 'Ikuno Y', 'Asahara H', 'Higashisaka K', 'Tsutsumi Y']","{'D000080545': {'substance_name': 'Microplastics', 'registry_number': '0'}, 'D020959': {'substance_name': 'Polyethylene', 'registry_number': '9002-88-4'}}","Manabe S, et al. Treatment of polyethylene microplastics degraded by ultraviolet light irradiation causes lysosome-deregulated cell death. Treatment of polyethylene microplastics degraded by ultraviolet light irradiation causes lysosome-deregulated cell death. 2024; 14:24008. doi: 10.1038/s41598-024-74800-y",10.1038/s41598-024-74800-y,"{'received': datetime.datetime(2024, 4, 12, 0, 0), 'accepted': datetime.datetime(2024, 9, 30, 0, 0), 'medline': datetime.datetime(2024, 10, 15, 0, 0), 'pubmed': datetime.datetime(2024, 10, 15, 0, 0), 'entrez': datetime.datetime(2024, 10, 14, 0, 0), 'pmc-release': datetime.datetime(2024, 10, 14, 0, 0)}",2045-2322,Sci Rep,Treatment of polyethylene microplastics degraded by ultraviolet light irradiation causes lysosome-deregulated cell death.,14.0,14(1),2024,Journal Article',https://ncbi.nlm.nih.gov/pubmed/39402130
"BACKGROUND: Micro- and nanoplastics (MNPs) are emerging pollutants of concern with ubiquitous presence in global ecosystems. MNPs pose potential implications for human health; however, the health impacts of MNP exposures are not yet understood. Recent evidence suggests that MNPs can cross the placental barrier, underlying the urgent need to understand their impact on reproductive health and development.
OBJECTIVE: The Actionable eUropean ROadmap for early-life health Risk Assessment of micro- and nanoplastics (AURORA) project will investigate MNP exposures and their biological and health effects during pregnancy and early life, which are critical periods due to heightened vulnerability to environmental stressors. The AURORA project will enhance exposure assessment capabilities for measuring MNPs, MNP-associated chemicals, and plastic additives in human tissues, including placenta and blood.
METHODS: In this interdisciplinary project, we will advance methods for in-depth characterization and scalable chemical analytical strategies, enabling high-resolution and large-scale toxicological, exposure assessment, and epidemiological studies. The AURORA project performs observational studies to investigate determinants and health impacts of MNPs by including 800 mother-child pairs from 2 existing birth cohorts and 110 women of reproductive age from a newly established cohort. This will be complemented by toxicological studies using a tiered-testing approach and epidemiological investigations to evaluate associations between maternal and prenatal MNP exposures and health perturbations, such as placental function, immune-inflammatory responses, oxidative stress, accelerated aging, endocrine disruption, and child growth and development. The ultimate goal of the AURORA project is to create an MNP risk assessment framework and identify the remaining knowledge gaps and priorities needed to comprehensively assess the impact of MNPs on early-life health.
RESULTS: In the first 3 years of this 5-year project (2021-2026), progress was made toward all objectives. This includes completion of recruitment and data collection for new and existing cohorts, development of analytical methodological protocols, and initiation of the toxicological tiered assessments. As of September 2024, data analysis is ongoing and results are expected to be published starting in 2025.
CONCLUSIONS: As plastic pollution increases globally, it is imperative to understand the impact of MNPs on human health, particularly during vulnerable developmental stages such as early life. The contributions of the AURORA project will inform future risk assessment.
INTERNATIONAL REGISTERED REPORT IDENTIFIER (IRRID): DERR1-10.2196/63176.","The AURORA project aims to investigate micro- and nanoplastic (MNP) exposures and their biological and health effects during pregnancy and early life, with a focus on understanding their impact on reproductive health and development.","The project involves observational studies with 800 mother-child pairs and 110 women of reproductive age, combined with toxicological studies and epidemiological investigations to assess the effects of MNP exposure on health outcomes, such as placental function, immune responses, and child development.","In the first 3 years, progress was made on recruitment, data collection, and development of analytical protocols. Toxicological assessments were initiated, and data analysis is ongoing, with results expected to be published starting in 2025.","[
    ""Department of Global Public Health and Bioethics, Julius Center for Health Sciences and Primary Care, University Medical Center Utrecht, Utrecht, Netherlands"",
    ""Division of Environmental Epidemiology, Institute for Risk Assessment Sciences, Utrecht University, Utrecht, Netherlands"",
    ""Food Packaging Forum Foundation, Zurich, Switzerland"",
    ""Institute of Occupational Medicine (IOM), Edinburgh, United Kingdom"",
    ""Centre for Biomedicine and Global Health, School of Applied Sciences, Edinburgh Napier University, Edinburgh, United Kingdom"",
    ""Amsterdam Institute for Life and Environment, section Environmental Health and Toxicology, Faculty of Science, Vrije Universiteit, Amsterdam, Netherlands"",
    ""ISGlobal, Barcelona, Spain"",
    ""Universitat Pompeu Fabra, Barcelona, Spain"",
    ""Spanish Consortium for Research on Epidemiology and Public Health, Madrid, Spain"",
    ""Division of Toxicology, Institute for Risk Assessment Sciences, Utrecht University, Utrecht, Netherlands"",
    ""School of Pharmacy, University of Eastern Finland, Kuopio, Finland"",
    ""Inorganic Chemistry and Catalysis Group, Institute for Sustainable and Circular Chemistry and Debye Institute for Nanomaterials Science, Utrecht University, Utrecht, Netherlands"",
    ""Centre for Environmental Sciences, Hasselt University, Diepenbeek, Belgium"",
    ""Department of Public Health and Primary Care, Leuven University, Leuven, Belgium"",
    ""RECETOX, Faculty of Science, Masaryk University, Brno, Czech Republic"",
    ""Department of Environmental Medicine and Public Health, Icahn School of Medicine at Mount Sinai, New York, NY, United States"",
    ""Institute for Chemistry and Biology of the Marine Environment, Carl von Ossietzky University of Oldenburg, Oldenburg, Germany"",
    ""Gangarosa Department of Environmental Health, Emory University Rollins School of Public Health, Atlanta, GA, United States""
]","['Durkin AM', 'Zou R', 'Boucher JM', 'Boyles MS', 'van Boxel J', 'Bustamante M', 'Christopher EA', 'Dadvand P', 'Dusza HM', 'van Duursen M', 'Forsberg MM', 'Galea KS', 'Legler J', 'Mandemaker LD', 'Meirer F', 'Muncke J', 'Nawrot TS', 'Přibylová P', 'Robuck AR', 'Saenen ND', 'Scholz-Böttcher BM', 'Shao K', 'Vrijheid M', 'Walker DI', 'Zimmermann L', 'Zoutendijk LM', 'Lenters V', 'Vermeulen R']","{'D000080545': {'substance_name': 'Microplastics', 'registry_number': '0'}}","Durkin AM, et al. Investigating Exposure and Hazards of Micro- and Nanoplastics During Pregnancy and Early Life (AURORA Project): Protocol for an Interdisciplinary Study. Investigating Exposure and Hazards of Micro- and Nanoplastics During Pregnancy and Early Life (AURORA Project): Protocol for an Interdisciplinary Study. 2024; 13:e63176. doi: 10.2196/63176",10.2196/63176,"{'received': datetime.datetime(2024, 6, 14, 0, 0), 'accepted': datetime.datetime(2024, 7, 11, 0, 0), 'revised': datetime.datetime(2024, 6, 29, 0, 0), 'medline': datetime.datetime(2024, 10, 8, 0, 0), 'pubmed': datetime.datetime(2024, 10, 8, 0, 0), 'entrez': datetime.datetime(2024, 10, 8, 0, 0), 'pmc-release': datetime.datetime(2024, 10, 8, 0, 0)}",1929-0748,JMIR Res Protoc,Investigating Exposure and Hazards of Micro- and Nanoplastics During Pregnancy and Early Life (AURORA Project): Protocol for an Interdisciplinary Study.,13.0,13,2024,Journal Article',https://ncbi.nlm.nih.gov/pubmed/39378424
"Microplastics (MPs) pervade the environment, infiltrating food sources and human bodies, raising concerns about their impact on human health. This review is focused on three key questions: (i) What type of polymers are humans most exposed to? (ii) What are the prevalent shapes of MPs found in food and human samples? (iii) Are the data influenced by the detection limit on the size of particles? Through a systematic literature analysis, we have explored data on polymer types and shapes found in food and human samples. The data provide evidence that polyester is the most commonly detected polymer in humans, followed by polyamide, polyurethane, polypropylene, and polyacrylate. Fibres emerge as the predominant shape across all categories, suggesting potential environmental contamination from the textile industry. Studies in humans and drinking water reported data on small particles, in contrast to larger size MPs detected in environmental research, in particular seafood. Discrepancies in size detection methodologies across different reports were identified, which could impact some of the discussed trends. This study highlights the need for more comprehensive research on the interactions between MPs and biological systems and the effects of MPs on toxicity, together with standardised analytical methodologies to accurately assess contamination levels and human exposure. Understanding these dynamics is essential for formulating effective strategies to mitigate the environmental and health implications of MP pollution.", To review polymer types and shapes of microplastics found in food and human samples and assess their impact on human health.,"Systematic literature analysis of data on polymer types, shapes, and detection limits in human and environmental samples.","Polyester was the most detected polymer in humans, with fibers being the predominant shape. Discrepancies in particle size detection methods were observed, which could influence the findings.







","[
    ""Department of Chemistry, School of Physical and Chemical Sciences, Queen Mary University of London, London E1 4NS, UK""
]","['Vdovchenko A', 'Resmini M']","{'D000080545': {'substance_name': 'Microplastics', 'registry_number': '0'}, 'D060766': {'substance_name': 'Drinking Water', 'registry_number': '0'}, 'D014874': {'substance_name': 'Water Pollutants, Chemical', 'registry_number': '0'}, 'D011108': {'substance_name': 'Polymers', 'registry_number': '0'}}","Vdovchenko A and Resmini M. Mapping Microplastics in Humans: Analysis of Polymer Types, and Shapes in Food and Drinking Water-A Systematic Review. Mapping Microplastics in Humans: Analysis of Polymer Types, and Shapes in Food and Drinking Water-A Systematic Review. 2024; 25:(unknown pages). doi: 10.3390/ijms25137074",10.3390/ijms25137074,"{'received': datetime.datetime(2024, 5, 14, 0, 0), 'revised': datetime.datetime(2024, 6, 5, 0, 0), 'accepted': datetime.datetime(2024, 6, 25, 0, 0), 'medline': datetime.datetime(2024, 7, 13, 0, 0), 'pubmed': datetime.datetime(2024, 7, 13, 0, 0), 'entrez': datetime.datetime(2024, 7, 13, 0, 0), 'pmc-release': datetime.datetime(2024, 6, 27, 0, 0)}",1422-0067,Int J Mol Sci,"Mapping Microplastics in Humans: Analysis of Polymer Types, and Shapes in Food and Drinking Water-A Systematic Review.",25.0,25(13),2024,Journal Article',https://ncbi.nlm.nih.gov/pubmed/39000186
"Microplastics (MPs) are plastic particles between 0.1 and 5000 µm in size that have attracted considerable attention from the scientific community and the general public, as they threaten the environment. Microplastics contribute to various harmful effects, including lipid peroxidation, DNA damage, activation of mitogen-activated protein kinase pathways, cell membrane breakages, mitochondrial dysfunction, lysosomal defects, inflammation, and apoptosis. They affect cells, tissues, organs, and overall health, potentially contributing to conditions like cancer and cardiovascular disease. They pose a significant danger due to their widespread occurrence in food. In recent years, information has emerged indicating that MPs can cause oxidative stress (OS), a known factor in accelerating the aging of organisms. This comprehensive evaluation exposed notable variability in the reported connection between MPs and OS. This work aims to provide a critical review of whether the harmfulness of plastic particles that constitute environmental contaminants may result from OS through a comprehensive analysis of recent research and existing scientific literature, as well as an assessment of the characteristics of MPs causing OS. Additionally, the article covers the analytical methodology used in this field. The conclusions of this review point to the necessity for further research into the effects of MPs on OS.",To critically review the relationship between microplastics and oxidative stress (OS) and their potential harmful effects on human health.," Comprehensive evaluation of recent research and scientific literature on MPs' impact, focusing on oxidative stress and related health issues.

","MPs contribute to oxidative stress, which may accelerate aging and lead to health conditions like cancer and cardiovascular diseases, highlighting the need for further research on their effects.","[
    ""Department of Bromatology, Faculty of Pharmacy, Medical University of Gdańsk, 80-416 Gdańsk, Poland""
]","['Kadac-Czapska K', 'Ośko J', 'Knez E', 'Grembecka M']",{},"Kadac-Czapska K, et al. Microplastics and Oxidative Stress-Current Problems and Prospects. Microplastics and Oxidative Stress-Current Problems and Prospects. 2024; 13:(unknown pages). doi: 10.3390/antiox13050579",10.3390/antiox13050579,"{'received': datetime.datetime(2024, 4, 15, 0, 0), 'revised': datetime.datetime(2024, 4, 29, 0, 0), 'accepted': datetime.datetime(2024, 5, 3, 0, 0), 'medline': datetime.datetime(2024, 5, 25, 0, 0), 'pubmed': datetime.datetime(2024, 5, 25, 0, 0), 'entrez': datetime.datetime(2024, 5, 25, 0, 0), 'pmc-release': datetime.datetime(2024, 5, 8, 0, 0)}",2076-3921,Antioxidants (Basel),Microplastics and Oxidative Stress-Current Problems and Prospects.,13.0,13(5),2024,Journal Article',https://ncbi.nlm.nih.gov/pubmed/38790684
"The widespread prevalence of micro and nanoplastics in the environment raises concerns about their potential impact on human health. Recent evidence demonstrates the presence of nanoplastics in human blood and tissues following ingestion and inhalation, yet the specific risks and mechanisms of nanoplastic toxicity remain inadequately understood. In this study, we aimed to explore the molecular mechanisms underlying the toxicity of nanoplastics at both systemic and molecular levels by analyzing the transcriptomic/metabolomic responses and signaling pathways in the intestines of mice after oral administration of nanoplastics. Transcriptome analysis in nanoplastic-administered mice revealed a notable upregulation of genes involved in pro-inflammatory immune responses. In addition, nanoplastics substantially reduced the expression of tight junction proteins, including occludin, zonula occluden-1, and tricellulin, which are crucial for maintaining gut barrier integrity and function. Importantly, nanoplastic administration increased gut permeability and exacerbated dextran sulfate sodium-induced colitis. Further investigation into the underlying molecular mechanisms highlighted significant activation of signaling transsducer and activator of transcription (STAT)1 and STAT6 by nanoplastic administration, which was in line with the elevation of interferon and JAK-STAT pathway signatures identified through transcriptome enrichment analysis. Additionally, the consumption of nanoplastics specifically induced nuclear factor kappa-B (NF-κB) and extracellular signal-regulated kinase (ERK)1/2 signaling pathways in the intestines. Collectively, this study identifies molecular mechanisms contributing to adverse effects mediated by nanoplastics in the intestine, providing novel insights into the pathophysiological consequences of nanoplastic exposure.","This study aimed to explore the molecular mechanisms of nanoplastic toxicity in mice, focusing on gut barrier function and inflammatory responses.","Mice were administered nanoplastics orally, and transcriptomic, protein expression, and signaling pathway analyses were conducted to assess their effects on the intestine."," Nanoplastic exposure disrupted gut barrier integrity, activated inflammatory signaling pathways, and exacerbated colitis in mice.






","[
    ""Department of Biotechnology, College of Life Science and Biotechnology, Yonsei University, Seoul, 03722, Republic of Korea."",
    ""Research Group of Traditional Food, Korea Food Research Institute, Wanju, 55365, Republic of Korea; Department of Food Science and Technology, Chonbuk National University, Jeonju, 54896, Republic of Korea."",
    ""Research Group of Traditional Food, Korea Food Research Institute, Wanju, 55365, Republic of Korea; Department of Food Biotechnology, Korea University of Science and Technology, Daejeon, Republic of Korea. Electronic address: ejlee@kfri.re.kr."",
    ""Department of Biotechnology, College of Life Science and Biotechnology, Yonsei University, Seoul, 03722, Republic of Korea; POSTECH Biotech Center, Pohang University of Science and Technology (POSTECH), Pohang, 37673, Republic of Korea. Electronic address: insuklee@yonsei.ac.kr."",
    ""Department of Biotechnology, College of Life Science and Biotechnology, Yonsei University, Seoul, 03722, Republic of Korea; POSTECH Biotech Center, Pohang University of Science and Technology (POSTECH), Pohang, 37673, Republic of Korea. Electronic address: sanguine@yonsei.ac.kr.""
]","['Kim DH', 'Lee S', 'Ahn J', 'Kim JH', 'Lee E', 'Lee I', 'Byun S']","{'D050794': {'substance_name': 'STAT1 Transcription Factor', 'registry_number': '0'}, 'D050800': {'substance_name': 'STAT6 Transcription Factor', 'registry_number': '0'}, 'C494080': {'substance_name': 'Stat1 protein, mouse', 'registry_number': '0'}}","Kim DH, et al. Transcriptomic and metabolomic analysis unveils nanoplastic-induced gut barrier dysfunction via STAT1/6 and ERK pathways. Transcriptomic and metabolomic analysis unveils nanoplastic-induced gut barrier dysfunction via STAT1/6 and ERK pathways. 2024; 249:118437. doi: 10.1016/j.envres.2024.118437",10.1016/j.envres.2024.118437,"{'received': datetime.datetime(2023, 11, 27, 0, 0), 'revised': datetime.datetime(2024, 1, 18, 0, 0), 'accepted': datetime.datetime(2024, 2, 5, 0, 0), 'medline': datetime.datetime(2024, 5, 3, 0, 0), 'pubmed': datetime.datetime(2024, 2, 13, 0, 0), 'entrez': datetime.datetime(2024, 2, 12, 0, 0)}",1096-0953,Environ Res,Transcriptomic and metabolomic analysis unveils nanoplastic-induced gut barrier dysfunction via STAT1/6 and ERK pathways.,249.0,249,2024,Journal Article',https://ncbi.nlm.nih.gov/pubmed/38346486
"Pollution from plastic debris and microplastics (MPs) is a worldwide issue. Classified as emerging contaminants, MPs have become widespread and have been found not only in terrestrial and aquatic ecosystems but also within the food chain, which affects both the environment and human health. Since the outbreak of COVID-19, the consumption of single-use plastics has drastically increased, intensifying mismanaged plastic waste in countries such as Ecuador. Therefore, the aim of this review is to 1) summarize the state of MP-related knowledge, focusing on studies conducted with environmental matrices, biota, and food, and 2) analyze the efforts by different national authorities and entities in Ecuador to control MP contamination. Results showed a limited number of studies have been done in Ecuador, which have mainly focused on the surface water of coastal areas, followed by studies on sediment and food. MPs were identified in all samples, indicating the lack of wastewater management policies, deficient management of solid wastes, and the contribution of anthropogenic activities such as artisanal fishing and aquaculture to water ecosystem pollution, which affects food webs. Moreover, studies have shown that food contamination can occur through atmospheric deposition of MPs; however, ingredients and inputs from food production, processing, and packaging, as well as food containers, contribute to MP occurrence in food. Further research is needed to develop more sensitive, precise, and reliable detection methods and assess MPs' impact on terrestrial and aquatic ecosystems, biota, and human health. In Ecuador specifically, implementing wastewater treatment plants in major cities, continuously monitoring MP coastal contamination, and establishing environmental and food safety regulations are crucial. Additionally, national authorities need to develop programs to raise public awareness of plastic use and its environmental effects, as well as MP exposure's effects on human health.","The review aims to summarize current knowledge on microplastic (MP) contamination in environmental matrices, biota, and food, and to analyze Ecuador's efforts to control MP pollution.","The review focuses on studies conducted in Ecuador, examining MP presence in surface water, sediment, and food samples, while also analyzing national policies and actions to address MP contamination.","The review reveals limited studies in Ecuador, identifying MP contamination in all studied samples and highlighting gaps in wastewater management, waste disposal, and food safety regulations, alongside the need for further research and enhanced public awareness.","[
    ""Centro de Estudios Aplicados en Química, Pontificia Universidad Católica del Ecuador, Av. 12 de Octubre 1076 y Roca, Quito, Pichincha, 170525, Ecuador.""
]","['Vélez-Terreros PY', 'Romero-Estévez D', 'Yánez-Jácome GS']",{},"Vélez-Terreros PY, et al. Microplastics in Ecuador: A review of environmental and health-risk assessment challenges. Microplastics in Ecuador: A review of environmental and health-risk assessment challenges. 2024; 10:e23232. doi: 10.1016/j.heliyon.2023.e23232",10.1016/j.heliyon.2023.e23232,"{'received': datetime.datetime(2023, 6, 29, 0, 0), 'revised': datetime.datetime(2023, 10, 26, 0, 0), 'accepted': datetime.datetime(2023, 11, 29, 0, 0), 'medline': datetime.datetime(2024, 1, 2, 0, 0), 'pubmed': datetime.datetime(2024, 1, 2, 0, 0), 'entrez': datetime.datetime(2024, 1, 1, 0, 0), 'pmc-release': datetime.datetime(2023, 12, 3, 0, 0)}",2405-8440,Heliyon,Microplastics in Ecuador: A review of environmental and health-risk assessment challenges.,10.0,10(1),2024,Journal Article',https://ncbi.nlm.nih.gov/pubmed/38163182
"BACKGROUND: Media are the interface between scientists and citizens, communicating and interpreting the risk message and powerfully influencing individual awareness, public debate, and, hence, people's behavior. Pollution by microplastics (MPs), a threat to public health and terrestrial and marine ecosystems, has received research, media, and public interest. However, how MPs environmental and health risks are reflected in the media and assessed in the scientific literature does not find consensus over time. To date, few studies have examined social aspects around MPs, such as, for example, factors that influence awareness and perception of the risk of MPs. In this context, the objective of this study is twofold. First, we determined if media narratives influenced Romanians' awareness of MPs, and second, we investigated if media narratives influenced Romanians' perceptions of MPs health and environmental risk.
METHOD: An online survey was conducted among 417 Romanian respondents. The questionnaire had 21 questions. The questions were related to the awareness of MPs, the perceived health risk of MPs, the perceived environmental risk of MPs, the intensity of exposure to media narratives about the MPs impact on health and the environment, and the demographics. Binary logistic regression was run to identify what media narratives influenced MPs awareness and risk perception. In recent times, mass media has shaped perceptions of health and environmental risks, driven by events like COVID-19 and global climate change. Our study relies on media narratives as its foundation.
RESULTS: Binary logistic regression showed that the awareness of MPs is influenced by the media narrative ""Microplastics in the sea threaten fish stocks"" (p = 0.001). When the frequency of exposure to this media narrative increases, the probability of reporting awareness of MPs increases. Likewise, an increase in age represents a higher probability of reporting awareness of MPs. The perceived health risk of MPs, with the highest weighting, was related to the dependent variable ""Leakage of harmful chemicals from MPs affects the soil"" (p = 0.014).
CONCLUSIONS: Media narratives about plastic and MPs pollution have increased over time, influencing the perception of this risk. The study argues the need for accurate and balanced media reporting on MPs to prevent the spread of misinformation and ensure that people clearly understand MPs risks. Furthermore, a closer examination of people's perceptions supports the design of appropriate interventions to reduce plastic consumption, thereby decreasing the risks of MPs pollution with benefits for human health and the environment.", Investigate whether media narratives influence Romanians' awareness and perceptions of the health and environmental risks of microplastics.,"Online survey of 417 Romanian respondents, analyzing media influence on awareness and risk perception of microplastics.","Increased media exposure to specific narratives about microplastics in the sea correlates with higher awareness, while perceived health risks are linked to the narrative about harmful chemical leakage from MPs.","[
    ""Research Institute for Sustainability and Disaster Management Based on High-Performance Computing, Faculty of Environmental Science and Engineering, Babes-Bolyai University, Cluj-Napoca, Romania."",
    ""Disaster Management Training and Education Centre for Africa (DiMTEC), University of the Free State, Bloemfontein, South Africa."",
    ""Department of Hospitality Services, Faculty of Business, Babes-Bolyai University, Cluj-Napoca, Cluj, Romania."",
    ""Department of Economy and Rural Development, Faculty of Gembloux Agro-Bio Tech, University of Liège, Gembloux, Belgium."",
    ""Department of International Studies and Contemporary History, Faculty of History and Philosophy, Babes-Bolyai University, Cluj-Napoca, Cluj, Romania."",
    ""Doctoral School 'International Relations and Security Studies', Babes-Bolyai University, Cluj-Napoca, Romania.""
]","['Pop V', 'Ozunu A', 'Petrescu DC', 'Stan AD', 'Petrescu-Mag RM']","{'D000080545': {'substance_name': 'Microplastics', 'registry_number': '0'}, 'D010969': {'substance_name': 'Plastics', 'registry_number': '0'}, 'D014874': {'substance_name': 'Water Pollutants, Chemical', 'registry_number': '0'}}","Pop V, et al. The influence of media narratives on microplastics risk perception. The influence of media narratives on microplastics risk perception. 2023; 11:e16338. doi: 10.7717/peerj.16338",10.7717/peerj.16338,"{'received': datetime.datetime(2023, 4, 9, 0, 0), 'accepted': datetime.datetime(2023, 10, 2, 0, 0), 'medline': datetime.datetime(2023, 11, 8, 0, 0), 'pubmed': datetime.datetime(2023, 11, 7, 0, 0), 'entrez': datetime.datetime(2023, 11, 7, 0, 0), 'pmc-release': datetime.datetime(2023, 11, 2, 0, 0)}",2167-8359,PeerJ,The influence of media narratives on microplastics risk perception.,11.0,11,2023,Journal Article',https://ncbi.nlm.nih.gov/pubmed/37933256
"Anthropogenic microplastics (MPs) and nanoplastics (NPs) are ubiquitous pollutants found in aquatic, food, soil and air environments. Recently, drinking water for human consumption has been considered a significant pathway for ingestion of such plastic pollutants. Most of the analytical methods developed for detection and identification of MPs have been established for particles with sizes > 10 μm, but new analytical approaches are required to identify NPs below 1 μm. This review aims to evaluate the most recent information on the release of MPs and NPs in water sources intended for human consumption, specifically tap water and commercial bottled water. The potential effects on human health of dermal exposure, inhalation, and ingestion of these particles were examined. Emerging technologies used to remove MPs and/or NPs from drinking water sources and their advantages and limitations were also assessed. The main findings showed that the MPs with sizes > 10 μm were completely removed from drinking water treatment plants (DWTPs). The smallest NP identified using pyrolysis-gas chromatography-mass spectrometry (Pyr-GC/MS) had a diameter of 58 nm. Contamination with MPs/NPs can occur during the distribution of tap water to consumers, as well as when opening and closing screw caps of bottled water or when using recycled plastic or glass bottles for drinking water. In conclusion, this comprehensive study emphasizes the importance of a unified approach to detect MPs and NPs in drinking water, as well as raising the awareness of regulators, policymakers and the public about the impact of these pollutants, which pose a human health risk.",Evaluate the release of microplastics and nanoplastics in drinking water and their potential effects on human health.,"Review of recent data on MPs/NPs in tap and bottled water, including detection methods and removal technologies."," Identified the removal of MPs >10 μm in water treatment, the smallest NP found was 58 nm, and emphasized the need for unified detection approaches to address the health risks posed by these pollutants.","
[
    ""Faculty of Materials Science and Engineering, University Politehnica of Bucharest, 313 Splaiul Independentei, 060042 Bucharest, Romania."",
    ""Physical Chemistry of Polymers Department, Petru Poni Institute of Macromolecular Chemistry, 41A Grigore Ghica Voda Alley, 700487 Iasi, Romania.""
]","['Râpă M', 'Darie-Niță RN', 'Matei E', 'Predescu AM', 'Berbecaru AC', 'Predescu C']",{},"Râpă M, et al. Insights into Anthropogenic Micro- and Nanoplastic Accumulation in Drinking Water Sources and Their Potential Effects on Human Health. Insights into Anthropogenic Micro- and Nanoplastic Accumulation in Drinking Water Sources and Their Potential Effects on Human Health. 2023; 15:(unknown pages). doi: 10.3390/polym15112425",10.3390/polym15112425,"{'received': datetime.datetime(2023, 2, 15, 0, 0), 'revised': datetime.datetime(2023, 5, 13, 0, 0), 'accepted': datetime.datetime(2023, 5, 19, 0, 0), 'medline': datetime.datetime(2023, 6, 10, 0, 0), 'pubmed': datetime.datetime(2023, 6, 10, 0, 0), 'entrez': datetime.datetime(2023, 6, 10, 0, 0), 'pmc-release': datetime.datetime(2023, 5, 23, 0, 0)}",2073-4360,Polymers (Basel),Insights into Anthropogenic Micro- and Nanoplastic Accumulation in Drinking Water Sources and Their Potential Effects on Human Health.,15.0,15(11),2023,Journal Article',https://ncbi.nlm.nih.gov/pubmed/37299225
"BACKGROUND: Plastics have conveyed great benefits to humanity and made possible some of the most significant advances of modern civilization in fields as diverse as medicine, electronics, aerospace, construction, food packaging, and sports. It is now clear, however, that plastics are also responsible for significant harms to human health, the economy, and the earth's environment. These harms occur at every stage of the plastic life cycle, from extraction of the coal, oil, and gas that are its main feedstocks through to ultimate disposal into the environment. The extent of these harms not been systematically assessed, their magnitude not fully quantified, and their economic costs not comprehensively counted.
GOALS: The goals of this Minderoo-Monaco Commission on Plastics and Human Health are to comprehensively examine plastics' impacts across their life cycle on: (1) human health and well-being; (2) the global environment, especially the ocean; (3) the economy; and (4) vulnerable populations-the poor, minorities, and the world's children. On the basis of this examination, the Commission offers science-based recommendations designed to support development of a Global Plastics Treaty, protect human health, and save lives.
REPORT STRUCTURE: This Commission report contains seven Sections. Following an Introduction, Section 2 presents a narrative review of the processes involved in plastic production, use, and disposal and notes the hazards to human health and the environment associated with each of these stages. Section 3 describes plastics' impacts on the ocean and notes the potential for plastic in the ocean to enter the marine food web and result in human exposure. Section 4 details plastics' impacts on human health. Section 5 presents a first-order estimate of plastics' health-related economic costs. Section 6 examines the intersection between plastic, social inequity, and environmental injustice. Section 7 presents the Commission's findings and recommendations.
PLASTICS: Plastics are complex, highly heterogeneous, synthetic chemical materials. Over 98% of plastics are produced from fossil carbon- coal, oil and gas. Plastics are comprised of a carbon-based polymer backbone and thousands of additional chemicals that are incorporated into polymers to convey specific properties such as color, flexibility, stability, water repellence, flame retardation, and ultraviolet resistance. Many of these added chemicals are highly toxic. They include carcinogens, neurotoxicants and endocrine disruptors such as phthalates, bisphenols, per- and poly-fluoroalkyl substances (PFAS), brominated flame retardants, and organophosphate flame retardants. They are integral components of plastic and are responsible for many of plastics' harms to human health and the environment.Global plastic production has increased almost exponentially since World War II, and in this time more than 8,300 megatons (Mt) of plastic have been manufactured. Annual production volume has grown from under 2 Mt in 1950 to 460 Mt in 2019, a 230-fold increase, and is on track to triple by 2060. More than half of all plastic ever made has been produced since 2002. Single-use plastics account for 35-40% of current plastic production and represent the most rapidly growing segment of plastic manufacture.Explosive recent growth in plastics production reflects a deliberate pivot by the integrated multinational fossil-carbon corporations that produce coal, oil and gas and that also manufacture plastics. These corporations are reducing their production of fossil fuels and increasing plastics manufacture. The two principal factors responsible for this pivot are decreasing global demand for carbon-based fuels due to increases in 'green' energy, and massive expansion of oil and gas production due to fracking.Plastic manufacture is energy-intensive and contributes significantly to climate change. At present, plastic production is responsible for an estimated 3.7% of global greenhouse gas emissions, more than the contribution of Brazil. This fraction is projected to increase to 4.5% by 2060 if current trends continue unchecked.
PLASTIC LIFE CYCLE: The plastic life cycle has three phases: production, use, and disposal. In production, carbon feedstocks-coal, gas, and oil-are transformed through energy-intensive, catalytic processes into a vast array of products. Plastic use occurs in every aspect of modern life and results in widespread human exposure to the chemicals contained in plastic. Single-use plastics constitute the largest portion of current use, followed by synthetic fibers and construction.Plastic disposal is highly inefficient, with recovery and recycling rates below 10% globally. The result is that an estimated 22 Mt of plastic waste enters the environment each year, much of it single-use plastic and are added to the more than 6 gigatons of plastic waste that have accumulated since 1950. Strategies for disposal of plastic waste include controlled and uncontrolled landfilling, open burning, thermal conversion, and export. Vast quantities of plastic waste are exported each year from high-income to low-income countries, where it accumulates in landfills, pollutes air and water, degrades vital ecosystems, befouls beaches and estuaries, and harms human health-environmental injustice on a global scale. Plastic-laden e-waste is particularly problematic.
ENVIRONMENTAL FINDINGS: Plastics and plastic-associated chemicals are responsible for widespread pollution. They contaminate aquatic (marine and freshwater), terrestrial, and atmospheric environments globally. The ocean is the ultimate destination for much plastic, and plastics are found throughout the ocean, including coastal regions, the sea surface, the deep sea, and polar sea ice. Many plastics appear to resist breakdown in the ocean and could persist in the global environment for decades. Macro- and micro-plastic particles have been identified in hundreds of marine species in all major taxa, including species consumed by humans. Trophic transfer of microplastic particles and the chemicals within them has been demonstrated. Although microplastic particles themselves (>10 µm) appear not to undergo biomagnification, hydrophobic plastic-associated chemicals bioaccumulate in marine animals and biomagnify in marine food webs. The amounts and fates of smaller microplastic and nanoplastic particles (MNPs <10 µm) in aquatic environments are poorly understood, but the potential for harm is worrying given their mobility in biological systems. Adverse environmental impacts of plastic pollution occur at multiple levels from molecular and biochemical to population and ecosystem. MNP contamination of seafood results in direct, though not well quantified, human exposure to plastics and plastic-associated chemicals. Marine plastic pollution endangers the ocean ecosystems upon which all humanity depends for food, oxygen, livelihood, and well-being.
HUMAN HEALTH FINDINGS: Coal miners, oil workers and gas field workers who extract fossil carbon feedstocks for plastic production suffer increased mortality from traumatic injury, coal workers' pneumoconiosis, silicosis, cardiovascular disease, chronic obstructive pulmonary disease, and lung cancer. Plastic production workers are at increased risk of leukemia, lymphoma, hepatic angiosarcoma, brain cancer, breast cancer, mesothelioma, neurotoxic injury, and decreased fertility. Workers producing plastic textiles die of bladder cancer, lung cancer, mesothelioma, and interstitial lung disease at increased rates. Plastic recycling workers have increased rates of cardiovascular disease, toxic metal poisoning, neuropathy, and lung cancer. Residents of ""fenceline"" communities adjacent to plastic production and waste disposal sites experience increased risks of premature birth, low birth weight, asthma, childhood leukemia, cardiovascular disease, chronic obstructive pulmonary disease, and lung cancer.During use and also in disposal, plastics release toxic chemicals including additives and residual monomers into the environment and into people. National biomonitoring surveys in the USA document population-wide exposures to these chemicals. Plastic additives disrupt endocrine function and increase risk for premature births, neurodevelopmental disorders, male reproductive birth defects, infertility, obesity, cardiovascular disease, renal disease, and cancers. Chemical-laden MNPs formed through the environmental degradation of plastic waste can enter living organisms, including humans. Emerging, albeit still incomplete evidence indicates that MNPs may cause toxicity due to their physical and toxicological effects as well as by acting as vectors that transport toxic chemicals and bacterial pathogens into tissues and cells.Infants in the womb and young children are two populations at particularly high risk of plastic-related health effects. Because of the exquisite sensitivity of early development to hazardous chemicals and children's unique patterns of exposure, plastic-associated exposures are linked to increased risks of prematurity, stillbirth, low birth weight, birth defects of the reproductive organs, neurodevelopmental impairment, impaired lung growth, and childhood cancer. Early-life exposures to plastic-associated chemicals also increase the risk of multiple non-communicable diseases later in life.
ECONOMIC FINDINGS: Plastic's harms to human health result in significant economic costs. We estimate that in 2015 the health-related costs of plastic production exceeded $250 billion (2015 Int$) globally, and that in the USA alone the health costs of disease and disability caused by the plastic-associated chemicals PBDE, BPA and DEHP exceeded $920 billion (2015 Int$). Plastic production results in greenhouse gas (GHG) emissions equivalent to 1.96 gigatons of carbon dioxide (CO<sub>2</sub>e) annually. Using the US Environmental Protection Agency's (EPA) social cost of carbon metric, we estimate the annual costs of these GHG emissions to be $341 billion (2015 Int$).These costs, large as they are, almost certainly underestimate the full economic losses resulting from plastics' negative impacts on human health and the global environment. All of plastics' economic costs-and also its social costs-are externalized by the petrochemical and plastic manufacturing industry and are borne by citizens, taxpayers, and governments in countries around the world without compensation.
SOCIAL JUSTICE FINDINGS: The adverse effects of plastics and plastic pollution on human health, the economy and the environment are not evenly distributed. They disproportionately affect poor, disempowered, and marginalized populations such as workers, racial and ethnic minorities, ""fenceline"" communities, Indigenous groups, women, and children, all of whom had little to do with creating the current plastics crisis and lack the political influence or the resources to address it. Plastics' harmful impacts across its life cycle are most keenly felt in the Global South, in small island states, and in disenfranchised areas in the Global North. Social and environmental justice (SEJ) principles require reversal of these inequitable burdens to ensure that no group bears a disproportionate share of plastics' negative impacts and that those who benefit economically from plastic bear their fair share of its currently externalized costs.
CONCLUSIONS: It is now clear that current patterns of plastic production, use, and disposal are not sustainable and are responsible for significant harms to human health, the environment, and the economy as well as for deep societal injustices.The main driver of these worsening harms is an almost exponential and still accelerating increase in global plastic production. Plastics' harms are further magnified by low rates of recovery and recycling and by the long persistence of plastic waste in the environment.The thousands of chemicals in plastics-monomers, additives, processing agents, and non-intentionally added substances-include amongst their number known human carcinogens, endocrine disruptors, neurotoxicants, and persistent organic pollutants. These chemicals are responsible for many of plastics' known harms to human and planetary health. The chemicals leach out of plastics, enter the environment, cause pollution, and result in human exposure and disease. All efforts to reduce plastics' hazards must address the hazards of plastic-associated chemicals.
RECOMMENDATIONS: To protect human and planetary health, especially the health of vulnerable and at-risk populations, and put the world on track to end plastic pollution by 2040, this Commission supports urgent adoption by the world's nations of a strong and comprehensive Global Plastics Treaty in accord with the mandate set forth in the March 2022 resolution of the United Nations Environment Assembly (UNEA).International measures such as a Global Plastics Treaty are needed to curb plastic production and pollution, because the harms to human health and the environment caused by plastics, plastic-associated chemicals and plastic waste transcend national boundaries, are planetary in their scale, and have disproportionate impacts on the health and well-being of people in the world's poorest nations. Effective implementation of the Global Plastics Treaty will require that international action be coordinated and complemented by interventions at the national, regional, and local levels.This Commission urges that a cap on global plastic production with targets, timetables, and national contributions be a central provision of the Global Plastics Treaty. We recommend inclusion of the following additional provisions:The Treaty needs to extend beyond microplastics and marine litter to include all of the many thousands of chemicals incorporated into plastics.The Treaty needs to include a provision banning or severely restricting manufacture and use of unnecessary, avoidable, and problematic plastic items, especially single-use items such as manufactured plastic microbeads.The Treaty needs to include requirements on extended producer responsibility (EPR) that make fossil carbon producers, plastic producers, and the manufacturers of plastic products legally and financially responsible for the safety and end-of-life management of all the materials they produce and sell.The Treaty needs to mandate reductions in the chemical complexity of plastic products; health-protective standards for plastics and plastic additives; a requirement for use of sustainable non-toxic materials; full disclosure of all components; and traceability of components. International cooperation will be essential to implementing and enforcing these standards.The Treaty needs to include SEJ remedies at each stage of the plastic life cycle designed to fill gaps in community knowledge and advance both distributional and procedural equity.This Commission encourages inclusion in the Global Plastic Treaty of a provision calling for exploration of listing at least some plastic polymers as persistent organic pollutants (POPs) under the Stockholm Convention.This Commission encourages a strong interface between the Global Plastics Treaty and the Basel and London Conventions to enhance management of hazardous plastic waste and slow current massive exports of plastic waste into the world's least-developed countries.This Commission recommends the creation of a Permanent Science Policy Advisory Body to guide the Treaty's implementation. The main priorities of this Body would be to guide Member States and other stakeholders in evaluating which solutions are most effective in reducing plastic consumption, enhancing plastic waste recovery and recycling, and curbing the generation of plastic waste. This Body could also assess trade-offs among these solutions and evaluate safer alternatives to current plastics. It could monitor the transnational export of plastic waste. It could coordinate robust oceanic-, land-, and air-based MNP monitoring programs.This Commission recommends urgent investment by national governments in research into solutions to the global plastic crisis. This research will need to determine which solutions are most effective and cost-effective in the context of particular countries and assess the risks and benefits of proposed solutions. Oceanographic and environmental research is needed to better measure concentrations and impacts of plastics <10 µm and understand their distribution and fate in the global environment. Biomedical research is needed to elucidate the human health impacts of plastics, especially MNPs.
SUMMARY: This Commission finds that plastics are both a boon to humanity and a stealth threat to human and planetary health. Plastics convey enormous benefits, but current linear patterns of plastic production, use, and disposal that pay little attention to sustainable design or safe materials and a near absence of recovery, reuse, and recycling are responsible for grave harms to health, widespread environmental damage, great economic costs, and deep societal injustices. These harms are rapidly worsening.While there remain gaps in knowledge about plastics' harms and uncertainties about their full magnitude, the evidence available today demonstrates unequivocally that these impacts are great and that they will increase in severity in the absence of urgent and effective intervention at global scale. Manufacture and use of essential plastics may continue. However, reckless increases in plastic production, and especially increases in the manufacture of an ever-increasing array of unnecessary single-use plastic products, need to be curbed.Global intervention against the plastic crisis is needed now because the costs of failure to act will be immense.","To comprehensively examine the impacts of plastics, including microplastics and nanoplastics, on human health, the environment, and the economy, and provide science-based recommendations.
","A narrative review of plastic production, use, disposal, and their associated health risks, along with a first-order estimate of health-related economic costs.
","Plastics and their associated chemicals contribute to significant health risks, including cancer, reproductive issues, neurodevelopmental disorders, and birth defects, particularly in vulnerable populations like children.","
[
    ""Global Observatory on Planetary Health, Boston College, Chestnut Hill, MA, US."",
    ""Centre Scientifique de Monaco, Medical Biology Department, MC."",
    ""Economics Department, University of Maryland, College Park, US."",
    ""Minderoo Foundation, AU."",
    ""Monterey Bay Aquarium, US."",
    ""Biology Department, Boston College, US."",
    ""University of Hawai'i Sea Grant College Program, US."",
    ""Beyond Plastics, Bennington College, US."",
    ""Université Côte d'Azur."",
    ""Centre Hospitalier, Universitaire de Nice, FR."",
    ""European Centre for Environment and Human Health, University of Exeter Medical School, UK."",
    ""Centre Scientifique de Monaco, Marine Biology Department, MC."",
    ""Norwich Medical School, University of East Anglia, UK."",
    ""Biology Department, Woods Hole Oceanographic Institution, US."",
    ""Woods Hole Center for Oceans and Human Health, US."",
    ""Department of Environmental Health, Universitas Indonesia, ID."",
    ""Research Center for Climate Change, Universitas Indonesia, ID."",
    ""College of Medicine and Health, University of Exeter, UK."",
    ""Department of Marine Chemistry and Geochemistry, Woods Hole Oceanographic Institution."",
    ""Department of Biology, Woods Hole Oceanographic Institution, US."",
    ""United Nations Environment Programme, KE."",
    ""Department of Toxicology, School of Medicine, University of the Republic, UY."",
    ""Sea Education Association, US."",
    ""Consortium of Universities for Global Health, US."",
    ""Nigerian Institute of Medical Research, Lagos, Nigeria."",
    ""Lead City University, NG."",
    ""Department of Chemistry, Boston College, US."",
    ""University of Vienna, Austria."",
    ""University of Plymouth, UK."",
    ""University of Massachusetts Amherst, US."",
    ""Laboratoire d'Océanographie de Villefranche sur mer (LOV), Sorbonne Université, FR."",
    ""Chulabhorn Research Institute (CRI), TH."",
    ""School of Biological Sciences, The University of Western Australia, AU."",
    ""Biology Department and Woods Hole Center for Oceans and Human Health, Woods Hole Oceanographic Institution, US."",
    ""Superfund Research Program, National Institutes of Health, National Institute of Environmental Health Sciences, US."",
    ""Laboratory of Organic Geochemistry (LOG), Tokyo University of Agriculture and Technology, JP."",
    ""International Marine Litter Research Unit, University of Plymouth, UK."",
    ""Theology Department, Boston College, US."",
    ""Technology and Society Laboratory, WEmpa-Swiss Federal Laboratories for Materials and Technology, CH."",
    ""Boston College Law School, US.""
]
","['Landrigan PJ', 'Raps H', 'Cropper M', 'Bald C', 'Brunner M', 'Canonizado EM', 'Charles D', 'Chiles TC', 'Donohue MJ', 'Enck J', 'Fenichel P', 'Fleming LE', 'Ferrier-Pages C', 'Fordham R', 'Gozt A', 'Griffin C', 'Hahn ME', 'Haryanto B', 'Hixson R', 'Ianelli H', 'James BD', 'Kumar P', 'Laborde A', 'Law KL', 'Martin K', 'Mu J', 'Mulders Y', 'Mustapha A', 'Niu J', 'Pahl S', 'Park Y', 'Pedrotti ML', 'Pitt JA', 'Ruchirawat M', 'Seewoo BJ', 'Spring M', 'Stegeman JJ', 'Suk W', 'Symeonides C', 'Takada H', 'Thompson RC', 'Vicini A', 'Wang Z', 'Whitman E', 'Wirth D', 'Wolff M', 'Yousuf AK', 'Dunlop S']","{'D010969': {'substance_name': 'Plastics', 'registry_number': '0'}, 'D000080545': {'substance_name': 'Microplastics', 'registry_number': '0'}, 'D000083462': {'substance_name': 'Persistent Organic Pollutants', 'registry_number': '0'}, 'D000074382': {'substance_name': 'Greenhouse Gases', 'registry_number': '0'}, 'D052244': {'substance_name': 'Endocrine Disruptors', 'registry_number': '0'}, 'D005411': {'substance_name': 'Flame Retardants', 'registry_number': '0'}, 'D003031': {'substance_name': 'Coal', 'registry_number': '0'}}","Landrigan PJ, et al. The Minderoo-Monaco Commission on Plastics and Human Health. The Minderoo-Monaco Commission on Plastics and Human Health. 2023; 89:23. doi: 10.5334/aogh.4056",10.5334/aogh.4056,"{'received': datetime.datetime(2023, 1, 14, 0, 0), 'accepted': datetime.datetime(2023, 2, 14, 0, 0), 'medline': datetime.datetime(2023, 3, 28, 0, 0), 'entrez': datetime.datetime(2023, 3, 27, 0, 0), 'pubmed': datetime.datetime(2023, 3, 28, 0, 0), 'pmc-release': datetime.datetime(2023, 3, 21, 0, 0)}",2214-9996,Ann Glob Health,The Minderoo-Monaco Commission on Plastics and Human Health.,89.0,89(1),2023,Review',https://ncbi.nlm.nih.gov/pubmed/36969097
"Plastic is a widely utilized material and polyethylene is one of the most used plastic types. Microplastics are plastic particles (size <5 mm) which are primarily a micro-size range or results from degeneration of larger plastic pieces in the environment. Drinking water and food are two main human exposure sources for microplastics and consequently effects of microplastics in gastrointestinal tract are considered important. Still, only little is known how microplastics and plastic associated chemicals affect the human health. The aim of our study was to evaluate the ability of micro-sized polyethylene to cause harmful effects in human intestinal cells. Raw ultra-high molecular-weight polyethylene (size 5-60 μm) was used. In addition, polyethylene particles were extracted with ethanol to determine the effect of extraction process on toxicity of the particles. In the experiments, human colorectal adenocarcinoma Caco-2 and HT-29 cells were exposed to polyethylene (0.25-1.0 mg/ml) or extracts for 48 h. After exposure, cell viability and cytotoxicity were assessed with MTT and lactate dehydrogenase assay. Reactive oxygen species (ROS) production was measured with dichlorofluorescin diacetate and cytoplasmic production of superoxide with dihydroethidium and mitochondrial superoxide production with MitoSOX. The 48-h exposure to polyethylene decreased dose-dependently cell viability and increased oxidative stress, especially mitochondrial superoxide production, in both cell lines. Effects on ROS or cytosolic superoxide production were not observed. Also, exposure to extracts decreased cell viability and increased oxidative stress in cell cultures, but there were differences between cell lines. These effects were most probably caused by the remaining particles rather than the compounds released from the plastic during the extraction. In conclusion, our study shows that micro-sized polyethylene and ethanol-extracted polyethylene in high concentrations decreased cell viability and increased oxidative stress responses in intestinal cells. These results contribute to the existing evidence on potential adverse human health effects of microplastics.",To evaluate the harmful effects of micro-sized polyethylene on human intestinal cells.,"Human colorectal adenocarcinoma Caco-2 and HT-29 cells were exposed to polyethylene particles or extracts for 48 hours, followed by assessments of cell viability, cytotoxicity, and oxidative stress.","Micro-sized polyethylene decreased cell viability and increased oxidative stress, particularly mitochondrial superoxide production, in both cell lines.






","[
    ""School of Pharmacy, University of Eastern Finland, Kuopio, Finland. Electronic address: mikko.herrala@uef.fi."",
    ""School of Pharmacy, University of Eastern Finland, Kuopio, Finland.""
]","['Herrala M', 'Huovinen M', 'Järvelä E', 'Hellman J', 'Tolonen P', 'Lahtela-Kakkonen M', 'Rysä J']","{'D020959': {'substance_name': 'Polyethylene', 'registry_number': '9002-88-4'}, 'D010969': {'substance_name': 'Plastics', 'registry_number': '0'}, 'D000080545': {'substance_name': 'Microplastics', 'registry_number': '0'}, 'D017382': {'substance_name': 'Reactive Oxygen Species', 'registry_number': '0'}, 'D013481': {'substance_name': 'Superoxides', 'registry_number': '11062-77-4'}, 'D014874': {'substance_name': 'Water Pollutants, Chemical', 'registry_number': '0'}}","Herrala M, et al. Micro-sized polyethylene particles affect cell viability and oxidative stress responses in human colorectal adenocarcinoma Caco-2 and HT-29 cells. Micro-sized polyethylene particles affect cell viability and oxidative stress responses in human colorectal adenocarcinoma Caco-2 and HT-29 cells. 2023; 867:161512. doi: 10.1016/j.scitotenv.2023.161512",10.1016/j.scitotenv.2023.161512,"{'received': datetime.datetime(2022, 8, 19, 0, 0), 'revised': datetime.datetime(2023, 1, 5, 0, 0), 'accepted': datetime.datetime(2023, 1, 6, 0, 0), 'pubmed': datetime.datetime(2023, 1, 11, 0, 0), 'medline': datetime.datetime(2023, 2, 16, 0, 0), 'entrez': datetime.datetime(2023, 1, 10, 0, 0)}",1879-1026,Sci Total Environ,Micro-sized polyethylene particles affect cell viability and oxidative stress responses in human colorectal adenocarcinoma Caco-2 and HT-29 cells.,867.0,867,2023,Journal Article',https://ncbi.nlm.nih.gov/pubmed/36626990
"Ambient particulate pollution originating from plastic contaminates air, including indoor and urban environments. The recent discovery of ambient microplastic (MP) particles of a size capable of depositing in the thoracic region of the airway, if inhaled, has raised concern for public exposure and health impacts following lessons learned from other particle domains. Current microplastic exposure estimates are relatively low compared to total ambient particulate matter, but optimal analytical techniques and therefore data for risk and health impact assessments are lacking. In the absence of such an evidence base, this paper explores paradigms, metrics and dose-response curves developed in other particle domains as a starting point for predicting whether microplastic are of concern. Bio-persistence, presence of reactive sites and soluble toxicants are likely key properties in microplastic toxicity, but these are not measured in environmental studies and hence are challenging to interpret in exposure. Data from a MP inhalation study in rats is available but the study was conducted using conditions that do not replicate the known human health effects of PM<sub>2.5</sub> or surrogate exposures: compromised, aged animal models are recommended to investigate potential parallels between MPs and PM<sub>2.5</sub>. One of these parallels is provided by tire wear particles (TWP), which form part of current ambient PM and are sometimes regarded as microplastic. A connection to epidemiological studies where PM filters are still available is recommended and consequently analytical advances are required. In summary, established particle domains and existing paradigms provide valuable insight and data that can be used to predict MP toxicity, and direct study design and key properties to consider in this emerging field.",To explore the potential health impacts of inhaled microplastics and the need for analytical advancements in assessing their toxicity.,"The paper reviews existing paradigms and metrics from other particle domains, along with available data from microplastic inhalation studies in rats, to predict potential health risks.
","The article suggests that microplastics, particularly when bio-persistent and containing reactive sites or toxicants, could pose a health risk, but emphasizes the need for more accurate studies and data.","[
    ""Environmental Research Group, Medical Research Council Centre for Environment and Health, School of Public Health, Imperial College London, London, United Kingdom."",
    ""Nanoconsult, Meerssen, Netherlands.""
]","['Wright S', 'Borm PJA']","{'D000393': {'substance_name': 'Air Pollutants', 'registry_number': '0'}, 'D000080545': {'substance_name': 'Microplastics', 'registry_number': '0'}, 'D052638': {'substance_name': 'Particulate Matter', 'registry_number': '0'}, 'D010969': {'substance_name': 'Plastics', 'registry_number': '0'}}",Wright S and Borm PJA. Applying Existing Particle Paradigms to Inhaled Microplastic Particles. Applying Existing Particle Paradigms to Inhaled Microplastic Particles. 2022; 10:868822. doi: 10.3389/fpubh.2022.868822,10.3389/fpubh.2022.868822,"{'received': datetime.datetime(2022, 2, 3, 0, 0), 'accepted': datetime.datetime(2022, 5, 11, 0, 0), 'entrez': datetime.datetime(2022, 6, 17, 0, 0), 'pubmed': datetime.datetime(2022, 6, 18, 0, 0), 'medline': datetime.datetime(2022, 6, 22, 0, 0), 'pmc-release': datetime.datetime(2022, 5, 30, 0, 0)}",2296-2565,Front Public Health,Applying Existing Particle Paradigms to Inhaled Microplastic Particles.,10.0,10,2022,Journal Article',https://ncbi.nlm.nih.gov/pubmed/35712293
"UNLABELLED: Microplastics have been documented in drinking water, but their effects on human health from ingestion, or the concentrations at which those effects begin to manifest, are not established. Here, we report on the outcome of a virtual expert workshop conducted between October 2020 and October 2021 in which a comprehensive review of mammalian hazard studies was conducted. A key objective of this assessment was to evaluate the feasibility and confidence in deriving a human health-based threshold value to inform development of the State of California's monitoring and management strategy for microplastics in drinking water. A tiered approach was adopted to evaluate the quality and reliability of studies identified from a review of the peer-reviewed scientific literature. A total of 41 in vitro and 31 in vivo studies using mammals were identified and subjected to a Tier 1 screening and prioritization exercise, which was based on an evaluation of how each of the studies addressed various quality criteria. Prioritized studies were identified largely based on their application and reporting of dose-response relationships. Given that methods for extrapolating between in vitro and in vivo systems are currently lacking, only oral exposure in vivo studies were identified as fit-for-purpose within the context of this workshop. Twelve mammalian toxicity studies were prioritized and subjected to a Tier 2 qualitative evaluation by external experts. Of the 12 studies, 7 report adverse effects on male and female reproductive systems, while 5 reported effects on various other physiological endpoints. It is notable that the majority of studies (83%) subjected to Tier 2 evaluation report results from exposure to a single polymer type (polystyrene spheres), representing a size range of 0.040 to 20 µm. No single study met all desired quality criteria, but collectively toxicological effects with respect to biomarkers of inflammation and oxidative stress represented a consistent trend. While it was possible to derive a conservative screening level to inform monitoring activities, it was not possible to extrapolate a human-health-based threshold value for microplastics, which is largely due to concerns regarding the relative quality and reliability of current data, but also due to the inability to extrapolate data from studies using monodisperse plastic particles, such as polystyrene spheres to an environmentally relevant exposure of microplastics. Nevertheless, a conservative screening level value was used to estimate a volume of drinking water (1000 L) that could be used to support monitoring activities and improve our overall understanding of exposure in California's drinking water. In order to increase confidence in our ability to derive a human-health-based threshold value in the future, several research recommendations are provided, with an emphasis towards strengthening how toxicity studies should be conducted in the future and an improved understanding of human exposure to microplastics, insights critically important to better inform future risk assessments.
SUPPLEMENTARY INFORMATION: The online version contains supplementary material available at 10.1186/s43591-022-00030-6.","To evaluate the feasibility of deriving a human health-based threshold value for microplastics in drinking water to inform monitoring and management strategies.
","A virtual expert workshop was conducted, reviewing 41 in vitro and 31 in vivo studies on mammals, and prioritizing those based on quality criteria, dose-response relationships, and relevance to human health.","While a conservative screening level for microplastics in drinking water was derived, the inability to extrapolate from current data on specific plastic types to environmentally relevant exposures prevented the establishment of a human-health-based threshold value. Several research recommendations were made to improve future studies.






","[
    ""California State Water Resources Control Board, Sacramento, CA USA."",
    ""Division of Toxicology, Wageningen University & Research, Wageningen, Netherlands."",
    ""Fisheries, Wildlife, and Conservation Sciences Dept, Coastal Oregon Marine Experiment Station, Oregon State University, Newport, OR USA."",
    ""Division of Obstetrics and Gynecology, Department of Clinical Science, Intervention and Technology, Karolinska Institutet and Karolinska University Hospital Huddinge, 14186 Stockholm, Sweden."",
    ""TG Environmental Research, Sharnbrook, MK44 1PL UK."",
    ""Department of Ecology and Evolutionary Biology, University of Toronto, Toronto, ON Canada."",
    ""California Office of Environmental Health and Hazard Assessment, Sacramento, CA USA."",
    ""Aquatic Ecology and Water Quality Management Group, Wageningen University & Research, Wageningen, Netherlands."",
    ""Safe Environments Directorate, Health Canada, Water and Air Quality Bureau, Ottawa, ON Canada."",
    ""Department of Animal Sciences, Human and Animal Physiology, Wageningen University & Research, Wageningen, Netherlands."",
    ""Norwegian University of Science & Technology, Trondheim, Norway."",
    ""Southern California Coastal Water Research Project, Costa Mesa, CA USA."",
    ""Environmental Research Group, School of Public Health, Imperial College London, Sir Michael Uren Hub, 86 Wood Lane, London, W12 0BZ UK.""
]
","['Coffin S', 'Bouwmeester H', 'Brander S', 'Damdimopoulou P', 'Gouin T', 'Hermabessiere L', 'Khan E', 'Koelmans AA', 'Lemieux CL', 'Teerds K', 'Wagner M', 'Weisberg SB', 'Wright S']",{},"Coffin S, et al. Development and application of a health-based framework for informing regulatory action in relation to exposure of microplastic particles in California drinking water. Development and application of a health-based framework for informing regulatory action in relation to exposure of microplastic particles in California drinking water. 2022; 2:12. doi: 10.1186/s43591-022-00030-6",10.1186/s43591-022-00030-6,"{'received': datetime.datetime(2021, 11, 24, 0, 0), 'accepted': datetime.datetime(2022, 3, 11, 0, 0), 'entrez': datetime.datetime(2022, 5, 31, 0, 0), 'pubmed': datetime.datetime(2022, 6, 1, 0, 0), 'medline': datetime.datetime(2022, 6, 1, 0, 0), 'pmc-release': datetime.datetime(2022, 5, 25, 0, 0)}",2662-4966,Microplast nanoplast,Development and application of a health-based framework for informing regulatory action in relation to exposure of microplastic particles in California drinking water.,2.0,2(1),2022,Journal Article',https://ncbi.nlm.nih.gov/pubmed/35634037